Manisha,Kumari,J,NITD,MCA,3000
Manisha,Kumari,J,NITD,MCA,3001
Manisha,Kumari,J,NITD,MCA,3002
Manisha,Kumari,J,NITD,MCA,3003
Manisha,Kumari,J,NITD,MCA,3004
Manisha,Kumari,J,NITD,MCA,3005
Manisha,Kumari,J,NITD,MCA,3006
Manisha,Kumari,J,NITD,MCA,3007
Manisha,Kumari,J,NITD,MCA,3008
Manisha,Kumari,J,NITD,MCA,3009
Manisha,Kumari,J,NITD,MCA,3010
Manisha,Kumari,J,NITD,MCA,3011
Manisha,Kumari,J,NITD,MCA,3012
Manisha,Kumari,J,NITD,MCA,3013
Manisha,Kumari,J,NITD,MCA,3014
Manisha,Kumari,J,NITD,MCA,3015
Manisha,Kumari,J,NITD,MCA,3016
Manisha,Kumari,J,NITD,MCA,3017
Manisha,Kumari,J,NITD,MCA,3018
Manisha,Kumari,J,NITD,MCA,3019
Manisha,Kumari,J,NITD,MCA,3020
Manisha,Kumari,J,NITD,MCA,3021
Manisha,Kumari,J,NITD,MCA,3022
Manisha,Kumari,J,NITD,MCA,3023
Manisha,Kumari,J,NITD,MCA,3024
Manisha,Kumari,J,NITD,MCA,3025
Manisha,Kumari,J,NITD,MCA,3026
Manisha,Kumari,J,NITD,MCA,3027
Manisha,Kumari,J,NITD,MCA,3028
Manisha,Kumari,J,NITD,MCA,3029
Manisha,Kumari,J,NITD,MCA,3030
Manisha,Kumari,J,NITD,MCA,3031
Manisha,Kumari,J,NITD,MCA,3032
Manisha,Kumari,J,NITD,MCA,3033
Manisha,Kumari,J,NITD,MCA,3034
Manisha,Kumari,J,NITD,MCA,3035
Manisha,Kumari,J,NITD,MCA,3036
Manisha,Kumari,J,NITD,MCA,3037
Manisha,Kumari,J,NITD,MCA,3038
Manisha,Kumari,J,NITD,MCA,3039
Manisha,Kumari,J,NITD,MCA,3040
Manisha,Kumari,J,NITD,MCA,3041
Manisha,Kumari,J,NITD,MCA,3042
Manisha,Kumari,J,NITD,MCA,3043
Manisha,Kumari,J,NITD,MCA,3044
Manisha,Kumari,J,NITD,MCA,3045
Manisha,Kumari,J,NITD,MCA,3046
Manisha,Kumari,J,NITD,MCA,3047
Manisha,Kumari,J,NITD,MCA,3048
Manisha,Kumari,J,NITD,MCA,3049
Manisha,Kumari,J,NITD,MCA,3050
Manisha,Kumari,J,NITD,MCA,3051
Manisha,Kumari,J,NITD,MCA,3052
Manisha,Kumari,J,NITD,MCA,3053
Manisha,Kumari,J,NITD,MCA,3054
Manisha,Kumari,J,NITD,MCA,3055
Manisha,Kumari,J,NITD,MCA,3056
Manisha,Kumari,J,NITD,MCA,3057
Manisha,Kumari,J,NITD,MCA,3058
Manisha,Kumari,J,NITD,MCA,3059
Manisha,Kumari,J,NITD,MCA,3060
Manisha,Kumari,J,NITD,MCA,3061
Manisha,Kumari,J,NITD,MCA,3062
Manisha,Kumari,J,NITD,MCA,3063
Manisha,Kumari,J,NITD,MCA,3064
Manisha,Kumari,J,NITD,MCA,3065
Manisha,Kumari,J,NITD,MCA,3066
Manisha,Kumari,J,NITD,MCA,3067
Manisha,Kumari,J,NITD,MCA,3068
Manisha,Kumari,J,NITD,MCA,3069
Manisha,Kumari,J,NITD,MCA,3070
Manisha,Kumari,J,NITD,MCA,3071
Manisha,Kumari,J,NITD,MCA,3072
Manisha,Kumari,J,NITD,MCA,3073
Manisha,Kumari,J,NITD,MCA,3074
Manisha,Kumari,J,NITD,MCA,3075
Manisha,Kumari,J,NITD,MCA,3076
Manisha,Kumari,J,NITD,MCA,3077
Manisha,Kumari,J,NITD,MCA,3078
Manisha,Kumari,J,NITD,MCA,3079
Manisha,Kumari,J,NITD,MCA,3080
Manisha,Kumari,J,NITD,MCA,3081
Manisha,Kumari,J,NITD,MCA,3082
Manisha,Kumari,J,NITD,MCA,3083
Manisha,Kumari,J,NITD,MCA,3084
Manisha,Kumari,J,NITD,MCA,3085
Manisha,Kumari,J,NITD,MCA,3086
Manisha,Kumari,J,NITD,MCA,3087
Manisha,Kumari,J,NITD,MCA,3088
Manisha,Kumari,J,NITD,MCA,3089
Manisha,Kumari,J,NITD,MCA,3090
Manisha,Kumari,J,NITD,MCA,3091
Manisha,Kumari,J,NITD,MCA,3092
Manisha,Kumari,J,NITD,MCA,3093
Manisha,Kumari,J,NITD,MCA,3094
Manisha,Kumari,J,NITD,MCA,3095
Manisha,Kumari,J,NITD,MCA,3096
Manisha,Kumari,J,NITD,MCA,3097
Manisha,Kumari,J,NITD,MCA,3098
Manisha,Kumari,J,NITD,MCA,3099
Manisha,Kumari,J,NITD,MCA,3100
Manisha,Kumari,J,NITD,MCA,3101
Manisha,Kumari,J,NITD,MCA,3102
Manisha,Kumari,J,NITD,MCA,3103
Manisha,Kumari,J,NITD,MCA,3104
Manisha,Kumari,J,NITD,MCA,3105
Manisha,Kumari,J,NITD,MCA,3106
Manisha,Kumari,J,NITD,MCA,3107
Manisha,Kumari,J,NITD,MCA,3108
Manisha,Kumari,J,NITD,MCA,3109
Manisha,Kumari,J,NITD,MCA,3110
Manisha,Kumari,J,NITD,MCA,3111
Manisha,Kumari,J,NITD,MCA,3112
Manisha,Kumari,J,NITD,MCA,3113
Manisha,Kumari,J,NITD,MCA,3114
Manisha,Kumari,J,NITD,MCA,3115
Manisha,Kumari,J,NITD,MCA,3116
Manisha,Kumari,J,NITD,MCA,3117
Manisha,Kumari,J,NITD,MCA,3118
Manisha,Kumari,J,NITD,MCA,3119
Manisha,Kumari,J,NITD,MCA,3120
Manisha,Kumari,J,NITD,MCA,3121
Manisha,Kumari,J,NITD,MCA,3122
Manisha,Kumari,J,NITD,MCA,3123
Manisha,Kumari,J,NITD,MCA,3124
Manisha,Kumari,J,NITD,MCA,3125
Manisha,Kumari,J,NITD,MCA,3126
Manisha,Kumari,J,NITD,MCA,3127
Manisha,Kumari,J,NITD,MCA,3128
Manisha,Kumari,J,NITD,MCA,3129
Manisha,Kumari,J,NITD,MCA,3130
Manisha,Kumari,J,NITD,MCA,3131
Manisha,Kumari,J,NITD,MCA,3132
Manisha,Kumari,J,NITD,MCA,3133
Manisha,Kumari,J,NITD,MCA,3134
Manisha,Kumari,J,NITD,MCA,3135
Manisha,Kumari,J,NITD,MCA,3136
Manisha,Kumari,J,NITD,MCA,3137
Manisha,Kumari,J,NITD,MCA,3138
Manisha,Kumari,J,NITD,MCA,3139
Manisha,Kumari,J,NITD,MCA,3140
Manisha,Kumari,J,NITD,MCA,3141
Manisha,Kumari,J,NITD,MCA,3142
Manisha,Kumari,J,NITD,MCA,3143
Manisha,Kumari,J,NITD,MCA,3144
Manisha,Kumari,J,NITD,MCA,3145
Manisha,Kumari,J,NITD,MCA,3146
Manisha,Kumari,J,NITD,MCA,3147
Manisha,Kumari,J,NITD,MCA,3148
Manisha,Kumari,J,NITD,MCA,3149
Manisha,Kumari,J,NITD,MCA,3150
Manisha,Kumari,J,NITD,MCA,3151
Manisha,Kumari,J,NITD,MCA,3152
Manisha,Kumari,J,NITD,MCA,3153
Manisha,Kumari,J,NITD,MCA,3154
Manisha,Kumari,J,NITD,MCA,3155
Manisha,Kumari,J,NITD,MCA,3156
Manisha,Kumari,J,NITD,MCA,3157
Manisha,Kumari,J,NITD,MCA,3158
Manisha,Kumari,J,NITD,MCA,3159
Manisha,Kumari,J,NITD,MCA,3160
Manisha,Kumari,J,NITD,MCA,3161
Manisha,Kumari,J,NITD,MCA,3162
Manisha,Kumari,J,NITD,MCA,3163
Manisha,Kumari,J,NITD,MCA,3164
Manisha,Kumari,J,NITD,MCA,3165
Manisha,Kumari,J,NITD,MCA,3166
Manisha,Kumari,J,NITD,MCA,3167
Manisha,Kumari,J,NITD,MCA,3168
Manisha,Kumari,J,NITD,MCA,3169
Manisha,Kumari,J,NITD,MCA,3170
Manisha,Kumari,J,NITD,MCA,3171
Manisha,Kumari,J,NITD,MCA,3172
Manisha,Kumari,J,NITD,MCA,3173
Manisha,Kumari,J,NITD,MCA,3174
Manisha,Kumari,J,NITD,MCA,3175
Manisha,Kumari,J,NITD,MCA,3176
Manisha,Kumari,J,NITD,MCA,3177
Manisha,Kumari,J,NITD,MCA,3178
Manisha,Kumari,J,NITD,MCA,3179
Manisha,Kumari,J,NITD,MCA,3180
Manisha,Kumari,J,NITD,MCA,3181
Manisha,Kumari,J,NITD,MCA,3182
Manisha,Kumari,J,NITD,MCA,3183
Manisha,Kumari,J,NITD,MCA,3184
Manisha,Kumari,J,NITD,MCA,3185
Manisha,Kumari,J,NITD,MCA,3186
Manisha,Kumari,J,NITD,MCA,3187
Manisha,Kumari,J,NITD,MCA,3188
Manisha,Kumari,J,NITD,MCA,3189
Manisha,Kumari,J,NITD,MCA,3190
Manisha,Kumari,J,NITD,MCA,3191
Manisha,Kumari,J,NITD,MCA,3192
Manisha,Kumari,J,NITD,MCA,3193
Manisha,Kumari,J,NITD,MCA,3194
Manisha,Kumari,J,NITD,MCA,3195
Manisha,Kumari,J,NITD,MCA,3196
Manisha,Kumari,J,NITD,MCA,3197
Manisha,Kumari,J,NITD,MCA,3198
Manisha,Kumari,J,NITD,MCA,3199
Manisha,Kumari,J,NITD,MCA,3200
Manisha,Kumari,J,NITD,MCA,3201
Manisha,Kumari,J,NITD,MCA,3202
Manisha,Kumari,J,NITD,MCA,3203
Manisha,Kumari,J,NITD,MCA,3204
Manisha,Kumari,J,NITD,MCA,3205
Manisha,Kumari,J,NITD,MCA,3206
Manisha,Kumari,J,NITD,MCA,3207
Manisha,Kumari,J,NITD,MCA,3208
Manisha,Kumari,J,NITD,MCA,3209
Manisha,Kumari,J,NITD,MCA,3210
Manisha,Kumari,J,NITD,MCA,3211
Manisha,Kumari,J,NITD,MCA,3212
Manisha,Kumari,J,NITD,MCA,3213
Manisha,Kumari,J,NITD,MCA,3214
Manisha,Kumari,J,NITD,MCA,3215
Manisha,Kumari,J,NITD,MCA,3216
Manisha,Kumari,J,NITD,MCA,3217
Manisha,Kumari,J,NITD,MCA,3218
Manisha,Kumari,J,NITD,MCA,3219
Manisha,Kumari,J,NITD,MCA,3220
Manisha,Kumari,J,NITD,MCA,3221
Manisha,Kumari,J,NITD,MCA,3222
Manisha,Kumari,J,NITD,MCA,3223
Manisha,Kumari,J,NITD,MCA,3224
Manisha,Kumari,J,NITD,MCA,3225
Manisha,Kumari,J,NITD,MCA,3226
Manisha,Kumari,J,NITD,MCA,3227
Manisha,Kumari,J,NITD,MCA,3228
Manisha,Kumari,J,NITD,MCA,3229
Manisha,Kumari,J,NITD,MCA,3230
Manisha,Kumari,J,NITD,MCA,3231
Manisha,Kumari,J,NITD,MCA,3232
Manisha,Kumari,J,NITD,MCA,3233
Manisha,Kumari,J,NITD,MCA,3234
Manisha,Kumari,J,NITD,MCA,3235
Manisha,Kumari,J,NITD,MCA,3236
Manisha,Kumari,J,NITD,MCA,3237
Manisha,Kumari,J,NITD,MCA,3238
Manisha,Kumari,J,NITD,MCA,3239
Manisha,Kumari,J,NITD,MCA,3240
Manisha,Kumari,J,NITD,MCA,3241
Manisha,Kumari,J,NITD,MCA,3242
Manisha,Kumari,J,NITD,MCA,3243
Manisha,Kumari,J,NITD,MCA,3244
Manisha,Kumari,J,NITD,MCA,3245
Manisha,Kumari,J,NITD,MCA,3246
Manisha,Kumari,J,NITD,MCA,3247
Manisha,Kumari,J,NITD,MCA,3248
Manisha,Kumari,J,NITD,MCA,3249
Manisha,Kumari,J,NITD,MCA,3250
Manisha,Kumari,J,NITD,MCA,3251
Manisha,Kumari,J,NITD,MCA,3252
Manisha,Kumari,J,NITD,MCA,3253
Manisha,Kumari,J,NITD,MCA,3254
Manisha,Kumari,J,NITD,MCA,3255
Manisha,Kumari,J,NITD,MCA,3256
Manisha,Kumari,J,NITD,MCA,3257
Manisha,Kumari,J,NITD,MCA,3258
Manisha,Kumari,J,NITD,MCA,3259
Manisha,Kumari,J,NITD,MCA,3260
Manisha,Kumari,J,NITD,MCA,3261
Manisha,Kumari,J,NITD,MCA,3262
Manisha,Kumari,J,NITD,MCA,3263
Manisha,Kumari,J,NITD,MCA,3264
Manisha,Kumari,J,NITD,MCA,3265
Manisha,Kumari,J,NITD,MCA,3266
Manisha,Kumari,J,NITD,MCA,3267
Manisha,Kumari,J,NITD,MCA,3268
Manisha,Kumari,J,NITD,MCA,3269
Manisha,Kumari,J,NITD,MCA,3270
Manisha,Kumari,J,NITD,MCA,3271
Manisha,Kumari,J,NITD,MCA,3272
Manisha,Kumari,J,NITD,MCA,3273
Manisha,Kumari,J,NITD,MCA,3274
Manisha,Kumari,J,NITD,MCA,3275
Manisha,Kumari,J,NITD,MCA,3276
Manisha,Kumari,J,NITD,MCA,3277
Manisha,Kumari,J,NITD,MCA,3278
Manisha,Kumari,J,NITD,MCA,3279
Manisha,Kumari,J,NITD,MCA,3280
Manisha,Kumari,J,NITD,MCA,3281
Manisha,Kumari,J,NITD,MCA,3282
Manisha,Kumari,J,NITD,MCA,3283
Manisha,Kumari,J,NITD,MCA,3284
Manisha,Kumari,J,NITD,MCA,3285
Manisha,Kumari,J,NITD,MCA,3286
Manisha,Kumari,J,NITD,MCA,3287
Manisha,Kumari,J,NITD,MCA,3288
Manisha,Kumari,J,NITD,MCA,3289
Manisha,Kumari,J,NITD,MCA,3290
Manisha,Kumari,J,NITD,MCA,3291
Manisha,Kumari,J,NITD,MCA,3292
Manisha,Kumari,J,NITD,MCA,3293
Manisha,Kumari,J,NITD,MCA,3294
Manisha,Kumari,J,NITD,MCA,3295
Manisha,Kumari,J,NITD,MCA,3296
Manisha,Kumari,J,NITD,MCA,3297
Manisha,Kumari,J,NITD,MCA,3298
Manisha,Kumari,J,NITD,MCA,3299
Manisha,Kumari,J,NITD,MCA,3300
Manisha,Kumari,J,NITD,MCA,3301
Manisha,Kumari,J,NITD,MCA,3302
Manisha,Kumari,J,NITD,MCA,3303
Manisha,Kumari,J,NITD,MCA,3304
Manisha,Kumari,J,NITD,MCA,3305
Manisha,Kumari,J,NITD,MCA,3306
Manisha,Kumari,J,NITD,MCA,3307
Manisha,Kumari,J,NITD,MCA,3308
Manisha,Kumari,J,NITD,MCA,3309
Manisha,Kumari,J,NITD,MCA,3310
Manisha,Kumari,J,NITD,MCA,3311
Manisha,Kumari,J,NITD,MCA,3312
Manisha,Kumari,J,NITD,MCA,3313
Manisha,Kumari,J,NITD,MCA,3314
Manisha,Kumari,J,NITD,MCA,3315
Manisha,Kumari,J,NITD,MCA,3316
Manisha,Kumari,J,NITD,MCA,3317
Manisha,Kumari,J,NITD,MCA,3318
Manisha,Kumari,J,NITD,MCA,3319
Manisha,Kumari,J,NITD,MCA,3320
Manisha,Kumari,J,NITD,MCA,3321
Manisha,Kumari,J,NITD,MCA,3322
Manisha,Kumari,J,NITD,MCA,3323
Manisha,Kumari,J,NITD,MCA,3324
Manisha,Kumari,J,NITD,MCA,3325
Manisha,Kumari,J,NITD,MCA,3326
Manisha,Kumari,J,NITD,MCA,3327
Manisha,Kumari,J,NITD,MCA,3328
Manisha,Kumari,J,NITD,MCA,3329
Manisha,Kumari,J,NITD,MCA,3330
Manisha,Kumari,J,NITD,MCA,3331
Manisha,Kumari,J,NITD,MCA,3332
Manisha,Kumari,J,NITD,MCA,3333
Manisha,Kumari,J,NITD,MCA,3334
Manisha,Kumari,J,NITD,MCA,3335
Manisha,Kumari,J,NITD,MCA,3336
Manisha,Kumari,J,NITD,MCA,3337
Manisha,Kumari,J,NITD,MCA,3338
Manisha,Kumari,J,NITD,MCA,3339
Manisha,Kumari,J,NITD,MCA,3340
Manisha,Kumari,J,NITD,MCA,3341
Manisha,Kumari,J,NITD,MCA,3342
Manisha,Kumari,J,NITD,MCA,3343
Manisha,Kumari,J,NITD,MCA,3344
Manisha,Kumari,J,NITD,MCA,3345
Manisha,Kumari,J,NITD,MCA,3346
Manisha,Kumari,J,NITD,MCA,3347
Manisha,Kumari,J,NITD,MCA,3348
Manisha,Kumari,J,NITD,MCA,3349
Manisha,Kumari,J,NITD,MCA,3350
Manisha,Kumari,J,NITD,MCA,3351
Manisha,Kumari,J,NITD,MCA,3352
Manisha,Kumari,J,NITD,MCA,3353
Manisha,Kumari,J,NITD,MCA,3354
Manisha,Kumari,J,NITD,MCA,3355
Manisha,Kumari,J,NITD,MCA,3356
Manisha,Kumari,J,NITD,MCA,3357
Manisha,Kumari,J,NITD,MCA,3358
Manisha,Kumari,J,NITD,MCA,3359
Manisha,Kumari,J,NITD,MCA,3360
Manisha,Kumari,J,NITD,MCA,3361
Manisha,Kumari,J,NITD,MCA,3362
Manisha,Kumari,J,NITD,MCA,3363
Manisha,Kumari,J,NITD,MCA,3364
Manisha,Kumari,J,NITD,MCA,3365
Manisha,Kumari,J,NITD,MCA,3366
Manisha,Kumari,J,NITD,MCA,3367
Manisha,Kumari,J,NITD,MCA,3368
Manisha,Kumari,J,NITD,MCA,3369
Manisha,Kumari,J,NITD,MCA,3370
Manisha,Kumari,J,NITD,MCA,3371
Manisha,Kumari,J,NITD,MCA,3372
Manisha,Kumari,J,NITD,MCA,3373
Manisha,Kumari,J,NITD,MCA,3374
Manisha,Kumari,J,NITD,MCA,3375
Manisha,Kumari,J,NITD,MCA,3376
Manisha,Kumari,J,NITD,MCA,3377
Manisha,Kumari,J,NITD,MCA,3378
Manisha,Kumari,J,NITD,MCA,3379
Manisha,Kumari,J,NITD,MCA,3380
Manisha,Kumari,J,NITD,MCA,3381
Manisha,Kumari,J,NITD,MCA,3382
Manisha,Kumari,J,NITD,MCA,3383
Manisha,Kumari,J,NITD,MCA,3384
Manisha,Kumari,J,NITD,MCA,3385
Manisha,Kumari,J,NITD,MCA,3386
Manisha,Kumari,J,NITD,MCA,3387
Manisha,Kumari,J,NITD,MCA,3388
Manisha,Kumari,J,NITD,MCA,3389
Manisha,Kumari,J,NITD,MCA,3390
Manisha,Kumari,J,NITD,MCA,3391
Manisha,Kumari,J,NITD,MCA,3392
Manisha,Kumari,J,NITD,MCA,3393
Manisha,Kumari,J,NITD,MCA,3394
Manisha,Kumari,J,NITD,MCA,3395
Manisha,Kumari,J,NITD,MCA,3396
Manisha,Kumari,J,NITD,MCA,3397
Manisha,Kumari,J,NITD,MCA,3398
Manisha,Kumari,J,NITD,MCA,3399
Manisha,Kumari,J,NITD,MCA,3400
Manisha,Kumari,J,NITD,MCA,3401
Manisha,Kumari,J,NITD,MCA,3402
Manisha,Kumari,J,NITD,MCA,3403
Manisha,Kumari,J,NITD,MCA,3404
Manisha,Kumari,J,NITD,MCA,3405
Manisha,Kumari,J,NITD,MCA,3406
Manisha,Kumari,J,NITD,MCA,3407
Manisha,Kumari,J,NITD,MCA,3408
Manisha,Kumari,J,NITD,MCA,3409
Manisha,Kumari,J,NITD,MCA,3410
Manisha,Kumari,J,NITD,MCA,3411
Manisha,Kumari,J,NITD,MCA,3412
Manisha,Kumari,J,NITD,MCA,3413
Manisha,Kumari,J,NITD,MCA,3414
Manisha,Kumari,J,NITD,MCA,3415
Manisha,Kumari,J,NITD,MCA,3416
Manisha,Kumari,J,NITD,MCA,3417
Manisha,Kumari,J,NITD,MCA,3418
Manisha,Kumari,J,NITD,MCA,3419
Manisha,Kumari,J,NITD,MCA,3420
Manisha,Kumari,J,NITD,MCA,3421
Manisha,Kumari,J,NITD,MCA,3422
Manisha,Kumari,J,NITD,MCA,3423
Manisha,Kumari,J,NITD,MCA,3424
Manisha,Kumari,J,NITD,MCA,3425
Manisha,Kumari,J,NITD,MCA,3426
Manisha,Kumari,J,NITD,MCA,3427
Manisha,Kumari,J,NITD,MCA,3428
Manisha,Kumari,J,NITD,MCA,3429
Manisha,Kumari,J,NITD,MCA,3430
Manisha,Kumari,J,NITD,MCA,3431
Manisha,Kumari,J,NITD,MCA,3432
Manisha,Kumari,J,NITD,MCA,3433
Manisha,Kumari,J,NITD,MCA,3434
Manisha,Kumari,J,NITD,MCA,3435
Manisha,Kumari,J,NITD,MCA,3436
Manisha,Kumari,J,NITD,MCA,3437
Manisha,Kumari,J,NITD,MCA,3438
Manisha,Kumari,J,NITD,MCA,3439
Manisha,Kumari,J,NITD,MCA,3440
Manisha,Kumari,J,NITD,MCA,3441
Manisha,Kumari,J,NITD,MCA,3442
Manisha,Kumari,J,NITD,MCA,3443
Manisha,Kumari,J,NITD,MCA,3444
Manisha,Kumari,J,NITD,MCA,3445
Manisha,Kumari,J,NITD,MCA,3446
Manisha,Kumari,J,NITD,MCA,3447
Manisha,Kumari,J,NITD,MCA,3448
Manisha,Kumari,J,NITD,MCA,3449
Manisha,Kumari,J,NITD,MCA,3450
Manisha,Kumari,J,NITD,MCA,3451
Manisha,Kumari,J,NITD,MCA,3452
Manisha,Kumari,J,NITD,MCA,3453
Manisha,Kumari,J,NITD,MCA,3454
Manisha,Kumari,J,NITD,MCA,3455
Manisha,Kumari,J,NITD,MCA,3456
Manisha,Kumari,J,NITD,MCA,3457
Manisha,Kumari,J,NITD,MCA,3458
Manisha,Kumari,J,NITD,MCA,3459
Manisha,Kumari,J,NITD,MCA,3460
Manisha,Kumari,J,NITD,MCA,3461
Manisha,Kumari,J,NITD,MCA,3462
Manisha,Kumari,J,NITD,MCA,3463
Manisha,Kumari,J,NITD,MCA,3464
Manisha,Kumari,J,NITD,MCA,3465
Manisha,Kumari,J,NITD,MCA,3466
Manisha,Kumari,J,NITD,MCA,3467
Manisha,Kumari,J,NITD,MCA,3468
Manisha,Kumari,J,NITD,MCA,3469
Manisha,Kumari,J,NITD,MCA,3470
Manisha,Kumari,J,NITD,MCA,3471
Manisha,Kumari,J,NITD,MCA,3472
Manisha,Kumari,J,NITD,MCA,3473
Manisha,Kumari,J,NITD,MCA,3474
Manisha,Kumari,J,NITD,MCA,3475
Manisha,Kumari,J,NITD,MCA,3476
Manisha,Kumari,J,NITD,MCA,3477
Manisha,Kumari,J,NITD,MCA,3478
Manisha,Kumari,J,NITD,MCA,3479
Manisha,Kumari,J,NITD,MCA,3480
Manisha,Kumari,J,NITD,MCA,3481
Manisha,Kumari,J,NITD,MCA,3482
Manisha,Kumari,J,NITD,MCA,3483
Manisha,Kumari,J,NITD,MCA,3484
Manisha,Kumari,J,NITD,MCA,3485
Manisha,Kumari,J,NITD,MCA,3486
Manisha,Kumari,J,NITD,MCA,3487
Manisha,Kumari,J,NITD,MCA,3488
Manisha,Kumari,J,NITD,MCA,3489
Manisha,Kumari,J,NITD,MCA,3490
Manisha,Kumari,J,NITD,MCA,3491
Manisha,Kumari,J,NITD,MCA,3492
Manisha,Kumari,J,NITD,MCA,3493
Manisha,Kumari,J,NITD,MCA,3494
Manisha,Kumari,J,NITD,MCA,3495
Manisha,Kumari,J,NITD,MCA,3496
Manisha,Kumari,J,NITD,MCA,3497
Manisha,Kumari,J,NITD,MCA,3498
Manisha,Kumari,J,NITD,MCA,3499
Manisha,Kumari,J,NITD,MCA,3500
Manisha,Kumari,J,NITD,MCA,3501
Manisha,Kumari,J,NITD,MCA,3502
Manisha,Kumari,J,NITD,MCA,3503
Manisha,Kumari,J,NITD,MCA,3504
Manisha,Kumari,J,NITD,MCA,3505
Manisha,Kumari,J,NITD,MCA,3506
Manisha,Kumari,J,NITD,MCA,3507
Manisha,Kumari,J,NITD,MCA,3508
Manisha,Kumari,J,NITD,MCA,3509
Manisha,Kumari,J,NITD,MCA,3510
Manisha,Kumari,J,NITD,MCA,3511
Manisha,Kumari,J,NITD,MCA,3512
Manisha,Kumari,J,NITD,MCA,3513
Manisha,Kumari,J,NITD,MCA,3514
Manisha,Kumari,J,NITD,MCA,3515
Manisha,Kumari,J,NITD,MCA,3516
Manisha,Kumari,J,NITD,MCA,3517
Manisha,Kumari,J,NITD,MCA,3518
Manisha,Kumari,J,NITD,MCA,3519
Manisha,Kumari,J,NITD,MCA,3520
Manisha,Kumari,J,NITD,MCA,3521
Manisha,Kumari,J,NITD,MCA,3522
Manisha,Kumari,J,NITD,MCA,3523
Manisha,Kumari,J,NITD,MCA,3524
Manisha,Kumari,J,NITD,MCA,3525
Manisha,Kumari,J,NITD,MCA,3526
Manisha,Kumari,J,NITD,MCA,3527
Manisha,Kumari,J,NITD,MCA,3528
Manisha,Kumari,J,NITD,MCA,3529
Manisha,Kumari,J,NITD,MCA,3530
Manisha,Kumari,J,NITD,MCA,3531
Manisha,Kumari,J,NITD,MCA,3532
Manisha,Kumari,J,NITD,MCA,3533
Manisha,Kumari,J,NITD,MCA,3534
Manisha,Kumari,J,NITD,MCA,3535
Manisha,Kumari,J,NITD,MCA,3536
Manisha,Kumari,J,NITD,MCA,3537
Manisha,Kumari,J,NITD,MCA,3538
Manisha,Kumari,J,NITD,MCA,3539
Manisha,Kumari,J,NITD,MCA,3540
Manisha,Kumari,J,NITD,MCA,3541
Manisha,Kumari,J,NITD,MCA,3542
Manisha,Kumari,J,NITD,MCA,3543
Manisha,Kumari,J,NITD,MCA,3544
Manisha,Kumari,J,NITD,MCA,3545
Manisha,Kumari,J,NITD,MCA,3546
Manisha,Kumari,J,NITD,MCA,3547
Manisha,Kumari,J,NITD,MCA,3548
Manisha,Kumari,J,NITD,MCA,3549
Manisha,Kumari,J,NITD,MCA,3550
Manisha,Kumari,J,NITD,MCA,3551
Manisha,Kumari,J,NITD,MCA,3552
Manisha,Kumari,J,NITD,MCA,3553
Manisha,Kumari,J,NITD,MCA,3554
Manisha,Kumari,J,NITD,MCA,3555
Manisha,Kumari,J,NITD,MCA,3556
Manisha,Kumari,J,NITD,MCA,3557
Manisha,Kumari,J,NITD,MCA,3558
Manisha,Kumari,J,NITD,MCA,3559
Manisha,Kumari,J,NITD,MCA,3560
Manisha,Kumari,J,NITD,MCA,3561
Manisha,Kumari,J,NITD,MCA,3562
Manisha,Kumari,J,NITD,MCA,3563
Manisha,Kumari,J,NITD,MCA,3564
Manisha,Kumari,J,NITD,MCA,3565
Manisha,Kumari,J,NITD,MCA,3566
Manisha,Kumari,J,NITD,MCA,3567
Manisha,Kumari,J,NITD,MCA,3568
Manisha,Kumari,J,NITD,MCA,3569
Manisha,Kumari,J,NITD,MCA,3570
Manisha,Kumari,J,NITD,MCA,3571
Manisha,Kumari,J,NITD,MCA,3572
Manisha,Kumari,J,NITD,MCA,3573
Manisha,Kumari,J,NITD,MCA,3574
Manisha,Kumari,J,NITD,MCA,3575
Manisha,Kumari,J,NITD,MCA,3576
Manisha,Kumari,J,NITD,MCA,3577
Manisha,Kumari,J,NITD,MCA,3578
Manisha,Kumari,J,NITD,MCA,3579
Manisha,Kumari,J,NITD,MCA,3580
Manisha,Kumari,J,NITD,MCA,3581
Manisha,Kumari,J,NITD,MCA,3582
Manisha,Kumari,J,NITD,MCA,3583
Manisha,Kumari,J,NITD,MCA,3584
Manisha,Kumari,J,NITD,MCA,3585
Manisha,Kumari,J,NITD,MCA,3586
Manisha,Kumari,J,NITD,MCA,3587
Manisha,Kumari,J,NITD,MCA,3588
Manisha,Kumari,J,NITD,MCA,3589
Manisha,Kumari,J,NITD,MCA,3590
Manisha,Kumari,J,NITD,MCA,3591
Manisha,Kumari,J,NITD,MCA,3592
Manisha,Kumari,J,NITD,MCA,3593
Manisha,Kumari,J,NITD,MCA,3594
Manisha,Kumari,J,NITD,MCA,3595
Manisha,Kumari,J,NITD,MCA,3596
Manisha,Kumari,J,NITD,MCA,3597
Manisha,Kumari,J,NITD,MCA,3598
Manisha,Kumari,J,NITD,MCA,3599
Manisha,Kumari,J,NITD,MCA,3600
Manisha,Kumari,J,NITD,MCA,3601
Manisha,Kumari,J,NITD,MCA,3602
Manisha,Kumari,J,NITD,MCA,3603
Manisha,Kumari,J,NITD,MCA,3604
Manisha,Kumari,J,NITD,MCA,3605
Manisha,Kumari,J,NITD,MCA,3606
Manisha,Kumari,J,NITD,MCA,3607
Manisha,Kumari,J,NITD,MCA,3608
Manisha,Kumari,J,NITD,MCA,3609
Manisha,Kumari,J,NITD,MCA,3610
Manisha,Kumari,J,NITD,MCA,3611
Manisha,Kumari,J,NITD,MCA,3612
Manisha,Kumari,J,NITD,MCA,3613
Manisha,Kumari,J,NITD,MCA,3614
Manisha,Kumari,J,NITD,MCA,3615
Manisha,Kumari,J,NITD,MCA,3616
Manisha,Kumari,J,NITD,MCA,3617
Manisha,Kumari,J,NITD,MCA,3618
Manisha,Kumari,J,NITD,MCA,3619
Manisha,Kumari,J,NITD,MCA,3620
Manisha,Kumari,J,NITD,MCA,3621
Manisha,Kumari,J,NITD,MCA,3622
Manisha,Kumari,J,NITD,MCA,3623
Manisha,Kumari,J,NITD,MCA,3624
Manisha,Kumari,J,NITD,MCA,3625
Manisha,Kumari,J,NITD,MCA,3626
Manisha,Kumari,J,NITD,MCA,3627
Manisha,Kumari,J,NITD,MCA,3628
Manisha,Kumari,J,NITD,MCA,3629
Manisha,Kumari,J,NITD,MCA,3630
Manisha,Kumari,J,NITD,MCA,3631
Manisha,Kumari,J,NITD,MCA,3632
Manisha,Kumari,J,NITD,MCA,3633
Manisha,Kumari,J,NITD,MCA,3634
Manisha,Kumari,J,NITD,MCA,3635
Manisha,Kumari,J,NITD,MCA,3636
Manisha,Kumari,J,NITD,MCA,3637
Manisha,Kumari,J,NITD,MCA,3638
Manisha,Kumari,J,NITD,MCA,3639
Manisha,Kumari,J,NITD,MCA,3640
Manisha,Kumari,J,NITD,MCA,3641
Manisha,Kumari,J,NITD,MCA,3642
Manisha,Kumari,J,NITD,MCA,3643
Manisha,Kumari,J,NITD,MCA,3644
Manisha,Kumari,J,NITD,MCA,3645
Manisha,Kumari,J,NITD,MCA,3646
Manisha,Kumari,J,NITD,MCA,3647
Manisha,Kumari,J,NITD,MCA,3648
Manisha,Kumari,J,NITD,MCA,3649
Manisha,Kumari,J,NITD,MCA,3650
Manisha,Kumari,J,NITD,MCA,3651
Manisha,Kumari,J,NITD,MCA,3652
Manisha,Kumari,J,NITD,MCA,3653
Manisha,Kumari,J,NITD,MCA,3654
Manisha,Kumari,J,NITD,MCA,3655
Manisha,Kumari,J,NITD,MCA,3656
Manisha,Kumari,J,NITD,MCA,3657
Manisha,Kumari,J,NITD,MCA,3658
Manisha,Kumari,J,NITD,MCA,3659
Manisha,Kumari,J,NITD,MCA,3660
Manisha,Kumari,J,NITD,MCA,3661
Manisha,Kumari,J,NITD,MCA,3662
Manisha,Kumari,J,NITD,MCA,3663
Manisha,Kumari,J,NITD,MCA,3664
Manisha,Kumari,J,NITD,MCA,3665
Manisha,Kumari,J,NITD,MCA,3666
Manisha,Kumari,J,NITD,MCA,3667
Manisha,Kumari,J,NITD,MCA,3668
Manisha,Kumari,J,NITD,MCA,3669
Manisha,Kumari,J,NITD,MCA,3670
Manisha,Kumari,J,NITD,MCA,3671
Manisha,Kumari,J,NITD,MCA,3672
Manisha,Kumari,J,NITD,MCA,3673
Manisha,Kumari,J,NITD,MCA,3674
Manisha,Kumari,J,NITD,MCA,3675
Manisha,Kumari,J,NITD,MCA,3676
Manisha,Kumari,J,NITD,MCA,3677
Manisha,Kumari,J,NITD,MCA,3678
Manisha,Kumari,J,NITD,MCA,3679
Manisha,Kumari,J,NITD,MCA,3680
Manisha,Kumari,J,NITD,MCA,3681
Manisha,Kumari,J,NITD,MCA,3682
Manisha,Kumari,J,NITD,MCA,3683
Manisha,Kumari,J,NITD,MCA,3684
Manisha,Kumari,J,NITD,MCA,3685
Manisha,Kumari,J,NITD,MCA,3686
Manisha,Kumari,J,NITD,MCA,3687
Manisha,Kumari,J,NITD,MCA,3688
Manisha,Kumari,J,NITD,MCA,3689
Manisha,Kumari,J,NITD,MCA,3690
Manisha,Kumari,J,NITD,MCA,3691
Manisha,Kumari,J,NITD,MCA,3692
Manisha,Kumari,J,NITD,MCA,3693
Manisha,Kumari,J,NITD,MCA,3694
Manisha,Kumari,J,NITD,MCA,3695
Manisha,Kumari,J,NITD,MCA,3696
Manisha,Kumari,J,NITD,MCA,3697
Manisha,Kumari,J,NITD,MCA,3698
Manisha,Kumari,J,NITD,MCA,3699
Manisha,Kumari,J,NITD,MCA,3700
Manisha,Kumari,J,NITD,MCA,3701
Manisha,Kumari,J,NITD,MCA,3702
Manisha,Kumari,J,NITD,MCA,3703
Manisha,Kumari,J,NITD,MCA,3704
Manisha,Kumari,J,NITD,MCA,3705
Manisha,Kumari,J,NITD,MCA,3706
Manisha,Kumari,J,NITD,MCA,3707
Manisha,Kumari,J,NITD,MCA,3708
Manisha,Kumari,J,NITD,MCA,3709
Manisha,Kumari,J,NITD,MCA,3710
Manisha,Kumari,J,NITD,MCA,3711
Manisha,Kumari,J,NITD,MCA,3712
Manisha,Kumari,J,NITD,MCA,3713
Manisha,Kumari,J,NITD,MCA,3714
Manisha,Kumari,J,NITD,MCA,3715
Manisha,Kumari,J,NITD,MCA,3716
Manisha,Kumari,J,NITD,MCA,3717
Manisha,Kumari,J,NITD,MCA,3718
Manisha,Kumari,J,NITD,MCA,3719
Manisha,Kumari,J,NITD,MCA,3720
Manisha,Kumari,J,NITD,MCA,3721
Manisha,Kumari,J,NITD,MCA,3722
Manisha,Kumari,J,NITD,MCA,3723
Manisha,Kumari,J,NITD,MCA,3724
Manisha,Kumari,J,NITD,MCA,3725
Manisha,Kumari,J,NITD,MCA,3726
Manisha,Kumari,J,NITD,MCA,3727
Manisha,Kumari,J,NITD,MCA,3728
Manisha,Kumari,J,NITD,MCA,3729
Manisha,Kumari,J,NITD,MCA,3730
Manisha,Kumari,J,NITD,MCA,3731
Manisha,Kumari,J,NITD,MCA,3732
Manisha,Kumari,J,NITD,MCA,3733
Manisha,Kumari,J,NITD,MCA,3734
Manisha,Kumari,J,NITD,MCA,3735
Manisha,Kumari,J,NITD,MCA,3736
Manisha,Kumari,J,NITD,MCA,3737
Manisha,Kumari,J,NITD,MCA,3738
Manisha,Kumari,J,NITD,MCA,3739
Manisha,Kumari,J,NITD,MCA,3740
Manisha,Kumari,J,NITD,MCA,3741
Manisha,Kumari,J,NITD,MCA,3742
Manisha,Kumari,J,NITD,MCA,3743
Manisha,Kumari,J,NITD,MCA,3744
Manisha,Kumari,J,NITD,MCA,3745
Manisha,Kumari,J,NITD,MCA,3746
Manisha,Kumari,J,NITD,MCA,3747
Manisha,Kumari,J,NITD,MCA,3748
Manisha,Kumari,J,NITD,MCA,3749
Manisha,Kumari,J,NITD,MCA,3750
Manisha,Kumari,J,NITD,MCA,3751
Manisha,Kumari,J,NITD,MCA,3752
Manisha,Kumari,J,NITD,MCA,3753
Manisha,Kumari,J,NITD,MCA,3754
Manisha,Kumari,J,NITD,MCA,3755
Manisha,Kumari,J,NITD,MCA,3756
Manisha,Kumari,J,NITD,MCA,3757
Manisha,Kumari,J,NITD,MCA,3758
Manisha,Kumari,J,NITD,MCA,3759
Manisha,Kumari,J,NITD,MCA,3760
Manisha,Kumari,J,NITD,MCA,3761
Manisha,Kumari,J,NITD,MCA,3762
Manisha,Kumari,J,NITD,MCA,3763
Manisha,Kumari,J,NITD,MCA,3764
Manisha,Kumari,J,NITD,MCA,3765
Manisha,Kumari,J,NITD,MCA,3766
Manisha,Kumari,J,NITD,MCA,3767
Manisha,Kumari,J,NITD,MCA,3768
Manisha,Kumari,J,NITD,MCA,3769
Manisha,Kumari,J,NITD,MCA,3770
Manisha,Kumari,J,NITD,MCA,3771
Manisha,Kumari,J,NITD,MCA,3772
Manisha,Kumari,J,NITD,MCA,3773
Manisha,Kumari,J,NITD,MCA,3774
Manisha,Kumari,J,NITD,MCA,3775
Manisha,Kumari,J,NITD,MCA,3776
Manisha,Kumari,J,NITD,MCA,3777
Manisha,Kumari,J,NITD,MCA,3778
Manisha,Kumari,J,NITD,MCA,3779
Manisha,Kumari,J,NITD,MCA,3780
Manisha,Kumari,J,NITD,MCA,3781
Manisha,Kumari,J,NITD,MCA,3782
Manisha,Kumari,J,NITD,MCA,3783
Manisha,Kumari,J,NITD,MCA,3784
Manisha,Kumari,J,NITD,MCA,3785
Manisha,Kumari,J,NITD,MCA,3786
Manisha,Kumari,J,NITD,MCA,3787
Manisha,Kumari,J,NITD,MCA,3788
Manisha,Kumari,J,NITD,MCA,3789
Manisha,Kumari,J,NITD,MCA,3790
Manisha,Kumari,J,NITD,MCA,3791
Manisha,Kumari,J,NITD,MCA,3792
Manisha,Kumari,J,NITD,MCA,3793
Manisha,Kumari,J,NITD,MCA,3794
Manisha,Kumari,J,NITD,MCA,3795
Manisha,Kumari,J,NITD,MCA,3796
Manisha,Kumari,J,NITD,MCA,3797
Manisha,Kumari,J,NITD,MCA,3798
Manisha,Kumari,J,NITD,MCA,3799
Manisha,Kumari,J,NITD,MCA,3800
Manisha,Kumari,J,NITD,MCA,3801
Manisha,Kumari,J,NITD,MCA,3802
Manisha,Kumari,J,NITD,MCA,3803
Manisha,Kumari,J,NITD,MCA,3804
Manisha,Kumari,J,NITD,MCA,3805
Manisha,Kumari,J,NITD,MCA,3806
Manisha,Kumari,J,NITD,MCA,3807
Manisha,Kumari,J,NITD,MCA,3808
Manisha,Kumari,J,NITD,MCA,3809
Manisha,Kumari,J,NITD,MCA,3810
Manisha,Kumari,J,NITD,MCA,3811
Manisha,Kumari,J,NITD,MCA,3812
Manisha,Kumari,J,NITD,MCA,3813
Manisha,Kumari,J,NITD,MCA,3814
Manisha,Kumari,J,NITD,MCA,3815
Manisha,Kumari,J,NITD,MCA,3816
Manisha,Kumari,J,NITD,MCA,3817
Manisha,Kumari,J,NITD,MCA,3818
Manisha,Kumari,J,NITD,MCA,3819
Manisha,Kumari,J,NITD,MCA,3820
Manisha,Kumari,J,NITD,MCA,3821
Manisha,Kumari,J,NITD,MCA,3822
Manisha,Kumari,J,NITD,MCA,3823
Manisha,Kumari,J,NITD,MCA,3824
Manisha,Kumari,J,NITD,MCA,3825
Manisha,Kumari,J,NITD,MCA,3826
Manisha,Kumari,J,NITD,MCA,3827
Manisha,Kumari,J,NITD,MCA,3828
Manisha,Kumari,J,NITD,MCA,3829
Manisha,Kumari,J,NITD,MCA,3830
Manisha,Kumari,J,NITD,MCA,3831
Manisha,Kumari,J,NITD,MCA,3832
Manisha,Kumari,J,NITD,MCA,3833
Manisha,Kumari,J,NITD,MCA,3834
Manisha,Kumari,J,NITD,MCA,3835
Manisha,Kumari,J,NITD,MCA,3836
Manisha,Kumari,J,NITD,MCA,3837
Manisha,Kumari,J,NITD,MCA,3838
Manisha,Kumari,J,NITD,MCA,3839
Manisha,Kumari,J,NITD,MCA,3840
Manisha,Kumari,J,NITD,MCA,3841
Manisha,Kumari,J,NITD,MCA,3842
Manisha,Kumari,J,NITD,MCA,3843
Manisha,Kumari,J,NITD,MCA,3844
Manisha,Kumari,J,NITD,MCA,3845
Manisha,Kumari,J,NITD,MCA,3846
Manisha,Kumari,J,NITD,MCA,3847
Manisha,Kumari,J,NITD,MCA,3848
Manisha,Kumari,J,NITD,MCA,3849
Manisha,Kumari,J,NITD,MCA,3850
Manisha,Kumari,J,NITD,MCA,3851
Manisha,Kumari,J,NITD,MCA,3852
Manisha,Kumari,J,NITD,MCA,3853
Manisha,Kumari,J,NITD,MCA,3854
Manisha,Kumari,J,NITD,MCA,3855
Manisha,Kumari,J,NITD,MCA,3856
Manisha,Kumari,J,NITD,MCA,3857
Manisha,Kumari,J,NITD,MCA,3858
Manisha,Kumari,J,NITD,MCA,3859
Manisha,Kumari,J,NITD,MCA,3860
Manisha,Kumari,J,NITD,MCA,3861
Manisha,Kumari,J,NITD,MCA,3862
Manisha,Kumari,J,NITD,MCA,3863
Manisha,Kumari,J,NITD,MCA,3864
Manisha,Kumari,J,NITD,MCA,3865
Manisha,Kumari,J,NITD,MCA,3866
Manisha,Kumari,J,NITD,MCA,3867
Manisha,Kumari,J,NITD,MCA,3868
Manisha,Kumari,J,NITD,MCA,3869
Manisha,Kumari,J,NITD,MCA,3870
Manisha,Kumari,J,NITD,MCA,3871
Manisha,Kumari,J,NITD,MCA,3872
Manisha,Kumari,J,NITD,MCA,3873
Manisha,Kumari,J,NITD,MCA,3874
Manisha,Kumari,J,NITD,MCA,3875
Manisha,Kumari,J,NITD,MCA,3876
Manisha,Kumari,J,NITD,MCA,3877
Manisha,Kumari,J,NITD,MCA,3878
Manisha,Kumari,J,NITD,MCA,3879
Manisha,Kumari,J,NITD,MCA,3880
Manisha,Kumari,J,NITD,MCA,3881
Manisha,Kumari,J,NITD,MCA,3882
Manisha,Kumari,J,NITD,MCA,3883
Manisha,Kumari,J,NITD,MCA,3884
Manisha,Kumari,J,NITD,MCA,3885
Manisha,Kumari,J,NITD,MCA,3886
Manisha,Kumari,J,NITD,MCA,3887
Manisha,Kumari,J,NITD,MCA,3888
Manisha,Kumari,J,NITD,MCA,3889
Manisha,Kumari,J,NITD,MCA,3890
Manisha,Kumari,J,NITD,MCA,3891
Manisha,Kumari,J,NITD,MCA,3892
Manisha,Kumari,J,NITD,MCA,3893
Manisha,Kumari,J,NITD,MCA,3894
Manisha,Kumari,J,NITD,MCA,3895
Manisha,Kumari,J,NITD,MCA,3896
Manisha,Kumari,J,NITD,MCA,3897
Manisha,Kumari,J,NITD,MCA,3898
Manisha,Kumari,J,NITD,MCA,3899
Manisha,Kumari,J,NITD,MCA,3900
Manisha,Kumari,J,NITD,MCA,3901
Manisha,Kumari,J,NITD,MCA,3902
Manisha,Kumari,J,NITD,MCA,3903
Manisha,Kumari,J,NITD,MCA,3904
Manisha,Kumari,J,NITD,MCA,3905
Manisha,Kumari,J,NITD,MCA,3906
Manisha,Kumari,J,NITD,MCA,3907
Manisha,Kumari,J,NITD,MCA,3908
Manisha,Kumari,J,NITD,MCA,3909
Manisha,Kumari,J,NITD,MCA,3910
Manisha,Kumari,J,NITD,MCA,3911
Manisha,Kumari,J,NITD,MCA,3912
Manisha,Kumari,J,NITD,MCA,3913
Manisha,Kumari,J,NITD,MCA,3914
Manisha,Kumari,J,NITD,MCA,3915
Manisha,Kumari,J,NITD,MCA,3916
Manisha,Kumari,J,NITD,MCA,3917
Manisha,Kumari,J,NITD,MCA,3918
Manisha,Kumari,J,NITD,MCA,3919
Manisha,Kumari,J,NITD,MCA,3920
Manisha,Kumari,J,NITD,MCA,3921
Manisha,Kumari,J,NITD,MCA,3922
Manisha,Kumari,J,NITD,MCA,3923
Manisha,Kumari,J,NITD,MCA,3924
Manisha,Kumari,J,NITD,MCA,3925
Manisha,Kumari,J,NITD,MCA,3926
Manisha,Kumari,J,NITD,MCA,3927
Manisha,Kumari,J,NITD,MCA,3928
Manisha,Kumari,J,NITD,MCA,3929
Manisha,Kumari,J,NITD,MCA,3930
Manisha,Kumari,J,NITD,MCA,3931
Manisha,Kumari,J,NITD,MCA,3932
Manisha,Kumari,J,NITD,MCA,3933
Manisha,Kumari,J,NITD,MCA,3934
Manisha,Kumari,J,NITD,MCA,3935
Manisha,Kumari,J,NITD,MCA,3936
Manisha,Kumari,J,NITD,MCA,3937
Manisha,Kumari,J,NITD,MCA,3938
Manisha,Kumari,J,NITD,MCA,3939
Manisha,Kumari,J,NITD,MCA,3940
Manisha,Kumari,J,NITD,MCA,3941
Manisha,Kumari,J,NITD,MCA,3942
Manisha,Kumari,J,NITD,MCA,3943
Manisha,Kumari,J,NITD,MCA,3944
Manisha,Kumari,J,NITD,MCA,3945
Manisha,Kumari,J,NITD,MCA,3946
Manisha,Kumari,J,NITD,MCA,3947
Manisha,Kumari,J,NITD,MCA,3948
Manisha,Kumari,J,NITD,MCA,3949
Manisha,Kumari,J,NITD,MCA,3950
Manisha,Kumari,J,NITD,MCA,3951
Manisha,Kumari,J,NITD,MCA,3952
Manisha,Kumari,J,NITD,MCA,3953
Manisha,Kumari,J,NITD,MCA,3954
Manisha,Kumari,J,NITD,MCA,3955
Manisha,Kumari,J,NITD,MCA,3956
Manisha,Kumari,J,NITD,MCA,3957
Manisha,Kumari,J,NITD,MCA,3958
Manisha,Kumari,J,NITD,MCA,3959
Manisha,Kumari,J,NITD,MCA,3960
Manisha,Kumari,J,NITD,MCA,3961
Manisha,Kumari,J,NITD,MCA,3962
Manisha,Kumari,J,NITD,MCA,3963
Manisha,Kumari,J,NITD,MCA,3964
Manisha,Kumari,J,NITD,MCA,3965
Manisha,Kumari,J,NITD,MCA,3966
Manisha,Kumari,J,NITD,MCA,3967
Manisha,Kumari,J,NITD,MCA,3968
Manisha,Kumari,J,NITD,MCA,3969
Manisha,Kumari,J,NITD,MCA,3970
Manisha,Kumari,J,NITD,MCA,3971
Manisha,Kumari,J,NITD,MCA,3972
Manisha,Kumari,J,NITD,MCA,3973
Manisha,Kumari,J,NITD,MCA,3974
Manisha,Kumari,J,NITD,MCA,3975
Manisha,Kumari,J,NITD,MCA,3976
Manisha,Kumari,J,NITD,MCA,3977
Manisha,Kumari,J,NITD,MCA,3978
Manisha,Kumari,J,NITD,MCA,3979
Manisha,Kumari,J,NITD,MCA,3980
Manisha,Kumari,J,NITD,MCA,3981
Manisha,Kumari,J,NITD,MCA,3982
Manisha,Kumari,J,NITD,MCA,3983
Manisha,Kumari,J,NITD,MCA,3984
Manisha,Kumari,J,NITD,MCA,3985
Manisha,Kumari,J,NITD,MCA,3986
Manisha,Kumari,J,NITD,MCA,3987
Manisha,Kumari,J,NITD,MCA,3988
Manisha,Kumari,J,NITD,MCA,3989
Manisha,Kumari,J,NITD,MCA,3990
Manisha,Kumari,J,NITD,MCA,3991
Manisha,Kumari,J,NITD,MCA,3992
Manisha,Kumari,J,NITD,MCA,3993
Manisha,Kumari,J,NITD,MCA,3994
Manisha,Kumari,J,NITD,MCA,3995
Manisha,Kumari,J,NITD,MCA,3996
Manisha,Kumari,J,NITD,MCA,3997
Manisha,Kumari,J,NITD,MCA,3998
Manisha,Kumari,J,NITD,MCA,3999
